{
  "mean": [
    123.92993148561226,
    91.82667094022582,
    43.95878551513083,
    148.75827230985456,
    67.59462505430119,
    1.0044166666666667,
    70.48547044000135,
    0.11741666666666667,
    62.266542611829614,
    7.102301142575406,
    1.4254268769671872
  ],
  "std": [
    32.10745840750099,
    5.686568002304812,
    12.057706232199468,
    103.60163016608212,
    14.597920055931443,
    0.7468135597694753,
    45.14246474249269,
    0.32191612736170194,
    14.772227746665743,
    6.854948569842438,
    1.527805533059619
  ],
  "features": [
    "heart_rate",
    "spo2",
    "amb_temp",
    "iaq",
    "humidity",
    "activity",
    "work_duration",
    "fall_flag",
    "heat_index",
    "fatigue_score",
    "spo2_drop"
  ]
}